{"flutter":{"platforms":{"android":{"default":{"projectId":"flutter-todo-lab","appId":"1:959525324636:android:f80957cea75b8a4e7ca399","fileOutput":"android/app/google-services.json"}},"dart":{"lib/firebase_options.dart":{"projectId":"flutter-todo-lab","configurations":{"android":"1:959525324636:android:f80957cea75b8a4e7ca399","ios":"1:959525324636:ios:880a0c97c631f0fd7ca399","macos":"1:959525324636:ios:880a0c97c631f0fd7ca399","web":"1:959525324636:web:92b62eaee872be5f7ca399","windows":"1:959525324636:web:e216dd0d7288902c7ca399"}}}}}}